NR,Date_reported,Country_code,Country,WHO_region,New_cases,Cumulative_cases,New_deaths,Cumulative_deaths,Średnia  przypadków,Średnia zgonów,,(x_i – x_avg)*(y 1_i – y1_avg),(x_i – x_avg)*(x_i – x_avg),(x_i – x_avg)*(y2_i – y2_avg),,Odległość y1_i od prostej,Suma kwadratów odległości na przedziale 30 dni
1,2020-01-03,VN,Viet Nam,WPRO,0,0,0,0,0,0,,2686.9457646072,65025,21.1727704780542,,60.5094829956018,
2,2020-01-04,VN,Viet Nam,WPRO,0,0,0,0,0,0,,2676.40872239306,64516,21.0897400055913,,59.3971921977119,
3,2020-01-05,VN,Viet Nam,WPRO,0,0,0,0,0,0,,2665.87168017891,64009,21.0067095331283,,58.2952195696255,
4,2020-01-06,VN,Viet Nam,WPRO,0,0,0,0,0,0,,2655.33463796477,63504,20.9236790606654,,57.2035651113428,
5,2020-01-07,VN,Viet Nam,WPRO,0,0,0,0,0,0,,2644.79759575062,63001,20.8406485882024,,56.1222288228636,
6,2020-01-08,VN,Viet Nam,WPRO,0,0,0,0,0,0,,2634.26055353648,62500,20.7576181157394,,55.051210704188,
7,2020-01-09,VN,Viet Nam,WPRO,0,0,0,0,0,0,,2623.72351132233,62001,20.6745876432765,,53.990510755316,
8,2020-01-10,VN,Viet Nam,WPRO,0,0,0,0,0,0,,2613.18646910818,61504,20.5915571708135,,52.9401289762475,
9,2020-01-11,VN,Viet Nam,WPRO,0,0,0,0,0,0,,2602.64942689404,61009,20.5085266983506,,51.9000653669827,
10,2020-01-12,VN,Viet Nam,WPRO,0,0,0,0,0,0,,2592.11238467989,60516,20.4254962258876,,50.8703199275214,
11,2020-01-13,VN,Viet Nam,WPRO,0,0,0,0,0,0,,2581.57534246575,60025,20.3424657534247,,49.8508926578637,
12,2020-01-14,VN,Viet Nam,WPRO,0,0,0,0,0,0,,2571.0383002516,59536,20.2594352809617,,48.8417835580096,
13,2020-01-15,VN,Viet Nam,WPRO,0,0,0,0,0,0,,2560.50125803745,59049,20.1764048084987,,47.8429926279591,
14,2020-01-16,VN,Viet Nam,WPRO,0,0,0,0,0,0,,2549.96421582331,58564,20.0933743360358,,46.8545198677122,
15,2020-01-17,VN,Viet Nam,WPRO,0,0,0,0,0,0,,2539.42717360916,58081,20.0103438635728,,45.8763652772688,
16,2020-01-18,VN,Viet Nam,WPRO,0,0,0,0,0,0,,2528.89013139502,57600,19.9273133911099,,44.908528856629,
17,2020-01-19,VN,Viet Nam,WPRO,0,0,0,0,0,0,,2518.35308918087,57121,19.8442829186469,,43.9510106057929,
18,2020-01-20,VN,Viet Nam,WPRO,0,0,0,0,0,0,,2507.81604696672,56644,19.761252446184,,43.0038105247602,
19,2020-01-21,VN,Viet Nam,WPRO,0,0,0,0,0,0,,2497.27900475258,56169,19.678221973721,,42.0669286135312,
20,2020-01-22,VN,Viet Nam,WPRO,0,0,0,0,0,0,,2486.74196253843,55696,19.595191501258,,41.1403648721058,
21,2020-01-23,VN,Viet Nam,WPRO,0,0,0,0,0,0,,2476.20492032429,55225,19.5121610287951,,40.2241193004839,
22,2020-01-24,VN,Viet Nam,WPRO,6,6,0,0,0.857142857142857,0,,2265.09644953871,54756,19.4291305563321,,50.8021806115676,
23,2020-01-25,VN,Viet Nam,WPRO,-4,2,0,0,0.285714285714286,0,,2388.55940732457,54289,19.3461000838692,,42.0462697295387,
24,2020-01-26,VN,Viet Nam,WPRO,0,2,0,0,0.285714285714286,0,,2378.30807939613,53824,19.2630696114062,,41.1199347987038,
25,2020-01-27,VN,Viet Nam,WPRO,0,2,0,0,0.285714285714286,0,,2368.0567514677,53361,19.1800391389433,,40.2039180376725,
26,2020-01-28,VN,Viet Nam,WPRO,0,2,0,0,0.285714285714286,0,,2357.80542353927,52900,19.0970086664803,,39.2982194464448,
27,2020-01-29,VN,Viet Nam,WPRO,0,2,0,0,0.285714285714286,0,,2347.55409561084,52441,19.0139781940173,,38.4028390250207,
28,2020-01-30,VN,Viet Nam,WPRO,0,2,0,0,0.285714285714286,0,,2337.30276768241,51984,18.9309477215544,,37.5177767734001,
29,2020-01-31,VN,Viet Nam,WPRO,0,2,0,0,-0.571428571428571,0,,2521.62286832541,51529,18.8479172490914,,27.000557056515,
30,2020-02-01,VN,Viet Nam,WPRO,3,5,0,0,0.428571428571429,0,,2284.51439753983,51076,18.7648867766285,,37.5080212606264,1404.74095792901
31,2020-02-02,VN,Viet Nam,WPRO,1,6,0,0,0.571428571428571,0,,2242.2630696114,50625,18.6818563041655,,38.38310045738,1382.61457539079
32,2020-02-03,VN,Viet Nam,WPRO,1,7,0,0,0.714285714285714,0,,2200.29745596868,50176,18.5988258317025,,39.2682702818441,1362.48565347492
33,2020-02-04,VN,Viet Nam,WPRO,0,7,0,0,0.714285714285714,0,,2190.47469946882,49729,18.5157953592396,,38.3732330763058,1342.5636669816
34,2020-02-05,VN,Viet Nam,WPRO,3,10,0,0,1.14285714285714,0,,2085.5090858261,49284,18.4327648867766,,42.9202901903656,1328.28039206062
35,2020-02-06,VN,Viet Nam,WPRO,0,10,0,0,1.14285714285714,0,,2076.11490075482,48841,18.3497344143137,,41.9843235214988,1314.14248675926
36,2020-02-07,VN,Viet Nam,WPRO,2,12,0,0,1.42857142857143,0,,2003.86357282638,48400,18.2667039418507,,44.8018530177042,1303.89312907277
37,2020-02-08,VN,Viet Nam,WPRO,1,13,0,0,1.14285714285714,0,,2057.32653061224,47961,18.1836734693878,,40.143344693176,1290.04596301063
38,2020-02-09,VN,Viet Nam,WPRO,0,13,0,0,1,0,,2079.07520268381,47524,18.1006429969248,,37.4690118945054,1274.57484592889
39,2020-02-10,VN,Viet Nam,WPRO,1,14,0,0,1,0,,2069.53816046966,47089,18.0176125244618,,36.5948398391649,1259.26962040107
40,2020-02-11,VN,Viet Nam,WPRO,0,14,0,0,1,0,,2060.00111825551,46656,17.9345820519989,,35.7309859536279,1244.13028642718
41,2020-02-12,VN,Viet Nam,WPRO,1,15,0,0,0.714285714285714,0,,2111.89264746994,46225,17.8515515795359,,31.5843895449284,1225.86378331424
42,2020-02-13,VN,Viet Nam,WPRO,0,15,0,0,0.714285714285714,0,,2102.06989097008,45796,17.768521107073,,30.7822158676224,1207.80421562386
43,2020-02-14,VN,Viet Nam,WPRO,1,16,0,0,0.571428571428571,0,,2122.67570589879,45369,17.68549063461,,28.4460983720566,1188.40732136795
44,2020-02-15,VN,Viet Nam,WPRO,0,16,0,0,0.428571428571429,0,,2142.99580654179,44944,17.6024601621471,,26.2021592414488,1167.75496074169
45,2020-02-16,VN,Viet Nam,WPRO,0,16,0,0,0.428571428571429,0,,2132.88733575621,44521,17.5194296896841,,25.4719839421772,1147.3505794066
46,2020-02-17,VN,Viet Nam,WPRO,0,16,0,0,0.285714285714286,0,,2152.77886497064,44100,17.4363992172211,,23.3510632806428,1125.79311383061
47,2020-02-18,VN,Viet Nam,WPRO,0,16,0,0,0.285714285714286,0,,2142.52753704221,43681,17.3533687447582,,22.6620462552904,1104.50414948011
48,2020-02-19,VN,Viet Nam,WPRO,0,16,0,0,0.142857142857143,0,,2161.99049482806,43264,17.2703382722952,,20.6641440628294,1082.16448301818
49,2020-02-20,VN,Viet Nam,WPRO,0,16,0,0,0.142857142857143,0,,2151.59630975677,42849,17.1873077998323,,20.016285311396,1060.11383971604
50,2020-02-21,VN,Viet Nam,WPRO,0,16,0,0,0,0,,2170.63069611406,42436,17.1042773273693,,18.1414015880084,1037.11487643195
51,2020-02-22,VN,Viet Nam,WPRO,0,16,0,0,0,0,,2160.09365389991,42025,17.0212468549064,,17.534701110494,1014.42545824196
52,2020-02-23,VN,Viet Nam,WPRO,0,16,0,0,0,0,,2149.55661168576,41616,16.9382163824434,,16.9383188027832,980.561596433173
53,2020-02-24,VN,Viet Nam,WPRO,0,16,0,0,0,0,,2139.01956947162,41209,16.8551859099804,,16.352254664876,954.86758136851
54,2020-02-25,VN,Viet Nam,WPRO,0,16,0,0,0,0,,2128.48252725747,40804,16.7721554375175,,15.7765086967724,929.524155266578
55,2020-02-26,VN,Viet Nam,WPRO,0,16,0,0,0,0,,2117.94548504333,40401,16.6891249650545,,15.2110808984723,904.531318127378
56,2020-02-27,VN,Viet Nam,WPRO,0,16,0,0,0,0,,2107.40844282918,40000,16.6060944925916,,14.6559712699759,879.889069950909
57,2020-02-28,VN,Viet Nam,WPRO,0,16,0,0,0,0,,2096.87140061503,39601,16.5230640201286,,14.111179811283,855.597410737172
58,2020-02-29,VN,Viet Nam,WPRO,0,16,0,0,0,0,,2086.33435840089,39204,16.4400335476656,,13.5767065223937,831.656340486165
59,2020-03-01,VN,Viet Nam,WPRO,0,16,0,0,0,0,,2075.79731618674,38809,16.3570030752027,,13.052551403308,817.708334832958
60,2020-03-02,VN,Viet Nam,WPRO,0,16,0,0,0,0,,2065.2602739726,38416,16.2739726027397,,12.5387144540258,792.739028026358
61,2020-03-03,VN,Viet Nam,WPRO,0,16,0,0,0,0,,2054.72323175845,38025,16.1909421302768,,12.0351956745473,766.391123243525
62,2020-03-04,VN,Viet Nam,WPRO,0,16,0,0,0,0,,2044.1861895443,37636,16.1079116578138,,11.5419950648723,738.664848026553
63,2020-03-05,VN,Viet Nam,WPRO,0,16,0,0,0,0,,2033.64914733016,37249,16.0248811853509,,11.0591126250009,711.350727575248
64,2020-03-06,VN,Viet Nam,WPRO,0,16,0,0,0,0,,2023.11210511601,36864,15.9418507128879,,10.5865483549331,679.016985739816
65,2020-03-07,VN,Viet Nam,WPRO,2,18,0,0,0.285714285714286,0,,1958.00363433044,36481,15.8588202404249,,12.0241468353583,649.056809053675
66,2020-03-08,VN,Viet Nam,WPRO,2,20,0,0,0.571428571428571,0,,1893.46659211629,36100,15.775789767962,,13.553241054462,617.808197090433
67,2020-03-09,VN,Viet Nam,WPRO,10,30,0,0,2,0,,1613.50097847358,35721,15.692759295499,,25.3836338962158,603.048486293473
68,2020-03-10,VN,Viet Nam,WPRO,1,31,0,0,2.14285714285714,0,,1578.10679340229,35344,15.6097288230361,,26.1044121205682,591.683886519536
69,2020-03-11,VN,Viet Nam,WPRO,3,34,0,0,2.57142857142857,0,,1489.56975118814,34969,15.5266983505731,,29.877072527805,584.966119208176
70,2020-03-12,VN,Viet Nam,WPRO,4,38,0,0,3.14285714285714,0,,1375.31842325971,34596,15.4436678781102,,35.5883137504124,584.82344700496
71,2020-03-13,VN,Viet Nam,WPRO,6,44,0,0,4,0,,1209.35280961699,34225,15.3606374056472,,45.5747892413568,598.813846701389
72,2020-03-14,VN,Viet Nam,WPRO,3,47,0,0,4.14285714285714,0,,1176.53005311713,33856,15.2776069331842,,46.5388738987382,614.570504732504
73,2020-03-15,VN,Viet Nam,WPRO,6,53,0,0,4.71428571428571,0,,1065.56443947442,33489,15.1945764607213,,53.6049835089299,639.729389869377
74,2020-03-16,VN,Viet Nam,WPRO,4,57,0,0,3.85714285714286,0,,1215.74168297455,33124,15.1115459882583,,40.8649869990528,654.392217626982
75,2020-03-17,VN,Viet Nam,WPRO,4,61,0,0,4.28571428571429,0,,1131.49035504612,32761,15.0285155157954,,45.5532861508566,674.473519835661
76,2020-03-18,VN,Viet Nam,WPRO,5,66,0,0,4.57142857142857,0,,1073.81045568912,32400,14.9454850433324,,48.4862235067399,699.608680061758
77,2020-03-19,VN,Viet Nam,WPRO,10,76,0,0,5.42857142857143,0,,914.41627061783,32041,14.8624545708694,,60.0395786299958,736.986212436463
78,2020-03-20,VN,Viet Nam,WPRO,9,85,0,0,5.85714285714286,0,,833.022085546541,31684,14.7794240984065,,65.6953323804828,782.017400754117
79,2020-03-21,VN,Viet Nam,WPRO,6,91,0,0,6.28571428571429,0,,752.485043332395,31329,14.6963936259435,,71.6056196336776,833.606735076399
80,2020-03-22,VN,Viet Nam,WPRO,3,94,0,0,5.85714285714286,0,,823.662286832535,30976,14.6133631534806,,63.3872684906837,878.852601979074
81,2020-03-23,VN,Viet Nam,WPRO,19,113,0,0,8,0,,443.982387475533,30625,14.5303326810176,,100.653916573869,961.971817442448
82,2020-03-24,VN,Viet Nam,WPRO,10,123,0,0,8.85714285714286,0,,292.302488118529,30276,14.4473022085547,,117.028229113709,1062.06172775337
83,2020-03-25,VN,Viet Nam,WPRO,11,134,0,0,9.71428571428571,0,,142.336874475813,29929,14.3642717360917,,134.635984366712,1180.34545745521
84,2020-03-26,VN,Viet Nam,WPRO,7,141,0,0,9.28571428571429,0,,215.228403690237,29584,14.2812412636287,,123.273867180986,1287.84281593942
85,2020-03-27,VN,Viet Nam,WPRO,12,153,0,0,9.71428571428571,0,,140.691361476093,29241,14.1982107911658,,131.322917722107,1403.95465276306
86,2020-03-28,VN,Viet Nam,WPRO,10,163,0,0,10.2857142857143,0,,42.725747833372,28900,14.1151803187028,,143.02301445614,1532.32169594922
87,2020-03-29,VN,Viet Nam,WPRO,11,174,0,0,11.4285714285714,0,,-150.668437237909,28561,14.0321498462399,,169.787502623331,1687.99801876127
88,2020-03-30,VN,Viet Nam,WPRO,14,188,0,0,10.7142857142857,0,,-29.7769080234862,28224,13.9491193737769,,149.918985779782,1824.34029801866
89,2020-03-31,VN,Viet Nam,WPRO,15,203,0,0,11.4285714285714,0,,-148.885378809058,27889,13.866088901314,,166.064454913669,1977.35220152902
90,2020-04-01,VN,Viet Nam,WPRO,4,207,0,0,10.4285714285714,0,,18.006150405367,27556,13.783058428851,,139.588862214282,2104.40234928928
91,2020-04-02,VN,Viet Nam,WPRO,11,218,0,0,11,0,,-76.3880346659264,27225,13.700027956388,,151.643827970148,2244.01098158488
92,2020-04-03,VN,Viet Nam,WPRO,15,233,0,0,11.4285714285714,0,,-146.210791165782,26896,13.6169974839251,,160.557269622703,2393.02625614271
93,2020-04-04,VN,Viet Nam,WPRO,6,239,0,0,10.8571428571429,0,,-52.176404808511,26569,13.5339670114621,,144.669516442114,2526.63665995982
94,2020-04-05,VN,Viet Nam,WPRO,1,240,0,0,9.42857142857143,0,,179.572267263064,26244,13.4509365389992,,110.82753973402,2626.87765133891
95,2020-04-06,VN,Viet Nam,WPRO,1,241,0,0,7.57142857142857,0,,477.46379647749,25921,13.3679060665362,,73.9341393439026,2688.78764384745
96,2020-04-07,VN,Viet Nam,WPRO,4,245,0,0,6,0,,725.926754263344,25600,13.2848755940732,,48.3753773751725,2723.60978016816
97,2020-04-08,VN,Viet Nam,WPRO,4,249,0,0,6,0,,721.389712049198,25281,13.2018451216103,,47.3813914675237,2745.60753773947
98,2020-04-09,VN,Viet Nam,WPRO,2,251,0,0,4.71428571428571,0,,919.99552697791,24964,13.1188146491473,,30.5352743418999,2750.0383999608
99,2020-04-10,VN,Viet Nam,WPRO,4,255,0,0,3.14285714285714,0,,1160.88705619234,24649,13.0357841766844,,15.0747212378451,2735.23604867084
100,2020-04-11,VN,Viet Nam,WPRO,2,257,0,0,2.57142857142857,0,,1242.6357282639,24336,12.9527537042214,,10.4934693518034,2710.14120427223
101,2020-04-12,VN,Viet Nam,WPRO,1,258,0,0,2.57142857142857,0,,1234.67011462119,24025,12.8697232317585,,10.0332825468542,2674.59969757773
102,2020-04-13,VN,Viet Nam,WPRO,4,262,0,0,3,0,,1160.70450097847,23716,12.7866927592955,,12.4205521965724,2640.48137587556
103,2020-04-14,VN,Viet Nam,WPRO,3,265,0,0,2.85714285714286,0,,1175.02460162147,23409,12.7036622868325,,10.9534287744548,2597.82982114109
104,2020-04-15,VN,Viet Nam,WPRO,1,266,0,0,2.42857142857143,0,,1232.48755940732,23104,12.6206318143696,,7.89159491089186,2564.85642905293
105,2020-04-16,VN,Viet Nam,WPRO,1,267,0,0,2.28571428571429,0,,1245.95051719317,22801,12.5376013419066,,6.73150474037511,2526.03464764245
106,2020-04-17,VN,Viet Nam,WPRO,1,268,0,0,1.85714285714286,0,,1301.98490355046,22500,12.4545708694437,,4.38532247790556,2481.93374661361
107,2020-04-18,VN,Viet Nam,WPRO,0,268,0,0,1.57142857142857,0,,1335.87643276488,22201,12.3715403969807,,3.01569308117275,2424.90986106479
108,2020-04-19,VN,Viet Nam,WPRO,0,268,0,0,1.42857142857143,0,,1348.05367626502,21904,12.2885099245178,,2.3161527880574,2361.53068147236
109,2020-04-20,VN,Viet Nam,WPRO,0,268,0,0,0.857142857142857,0,,1422.94520547945,21609,12.2054794520548,,0.772000950687771,2290.69706278937
110,2020-04-21,VN,Viet Nam,WPRO,0,268,0,0,0.428571428571429,0,,1475.83673469387,21316,12.1224489795918,,0.143063718212404,2227.4528580169
111,2020-04-22,VN,Viet Nam,WPRO,0,268,0,0,0.285714285714286,0,,1486.44254962258,21025,12.0394185071289,,0.026749824183419,2126.82569126722
112,2020-04-23,VN,Viet Nam,WPRO,0,268,0,0,0.142857142857143,0,,1496.76265026558,20736,11.9563880346659,,0.002614295112398,2009.80007644862
113,2020-04-24,VN,Viet Nam,WPRO,0,268,0,0,0,0,,1506.79703662286,20449,11.873357562203,,0.070657130999344,1875.23474921291
114,2020-04-25,VN,Viet Nam,WPRO,2,270,0,0,0.285714285714286,0,,1455.68856583729,20164,11.79032708974,,0.002696369235336,1751.96357840116
115,2020-04-26,VN,Viet Nam,WPRO,0,270,0,0,0.285714285714286,0,,1445.43723790886,19881,11.7072966172771,,0.015314890526474,1620.65597556958
116,2020-04-27,VN,Viet Nam,WPRO,0,270,0,0,0.285714285714286,0,,1435.18590998043,19600,11.6242661448141,,0.038251581621194,1477.67121269506
117,2020-04-28,VN,Viet Nam,WPRO,0,270,0,0,0.285714285714286,0,,1424.93458205199,19321,11.5412356723511,,0.071506442519498,1307.95521651425
118,2020-04-29,VN,Viet Nam,WPRO,0,270,0,0,0.285714285714286,0,,1414.68325412356,19044,11.4582051998882,,0.115079473221384,1158.15131020769
119,2020-04-30,VN,Viet Nam,WPRO,0,270,0,0,0.285714285714286,0,,1404.43192619513,18769,11.3751747274252,,0.168970673726852,992.255825967745
120,2020-05-01,VN,Viet Nam,WPRO,0,270,0,0,0.285714285714286,0,,1394.1805982667,18496,11.2921442549623,,0.233180044035903,852.900143797499
121,2020-05-02,VN,Viet Nam,WPRO,0,270,0,0,0,0,,1422.5006989097,18225,11.2091137824993,,0.706319646390263,701.962635473741
122,2020-05-03,VN,Viet Nam,WPRO,0,270,0,0,0,0,,1411.96365669555,17956,11.1260833100363,,0.832209224930251,542.237575075968
123,2020-05-04,VN,Viet Nam,WPRO,1,271,0,0,0.142857142857143,0,,1382.4266144814,17689,11.0430528375734,,0.707658910263879,398.275717544118
124,2020-05-05,VN,Viet Nam,WPRO,0,271,0,0,0.142857142857143,0,,1372.03242941012,17424,10.9600223651104,,0.833662894099147,288.281840704197
125,2020-05-06,VN,Viet Nam,WPRO,0,271,0,0,0.142857142857143,0,,1361.63824433883,17161,10.8769918926475,,0.969985047737994,215.317686408032
126,2020-05-07,VN,Viet Nam,WPRO,0,271,0,0,0.142857142857143,0,,1351.24405926754,16900,10.7939614201845,,1.11662537118043,168.05893440404
127,2020-05-08,VN,Viet Nam,WPRO,17,288,0,0,2.57142857142857,0,,1027.56415991054,16641,10.7109309477216,,1.69010321923294,122.367646155749
128,2020-05-09,VN,Viet Nam,WPRO,0,288,0,0,2.57142857142857,0,,1019.59854626782,16384,10.6279004752586,,1.50850699898049,93.3408788128299
129,2020-05-10,VN,Viet Nam,WPRO,0,288,0,0,2.57142857142857,0,,1011.6329326251,16129,10.5448700027956,,1.33722894853162,79.6033865235164
130,2020-05-11,VN,Viet Nam,WPRO,0,288,0,0,2.42857142857143,0,,1021.66731898238,15876,10.4618395303327,,0.886803120059069,69.9967202917721
131,2020-05-12,VN,Viet Nam,WPRO,0,288,0,0,2.42857142857143,0,,1013.55884819681,15625,10.3788090578697,,0.756683343529249,60.7201210884472
132,2020-05-13,VN,Viet Nam,WPRO,0,288,0,0,2.42857142857143,0,,1005.45037741123,15376,10.2957785854068,,0.636881736803015,48.9364506286778
133,2020-05-14,VN,Viet Nam,WPRO,0,288,0,0,2.42857142857143,0,,997.34190662566,15129,10.2127481129438,,0.52739829988036,38.5104201541034
134,2020-05-15,VN,Viet Nam,WPRO,0,288,0,0,0,0,,1285.5191501258,14884,10.1297176404809,,3.14770141208954,33.766526655301
135,2020-05-16,VN,Viet Nam,WPRO,25,313,0,0,3.57142857142857,0,,842.839250768797,14641,10.0466871680179,,2.9770932884457,30.0121152033716
136,2020-05-17,VN,Viet Nam,WPRO,5,318,0,0,4.28571428571429,0,,750.159351411793,14400,9.96365669555494,,5.60687692274916,31.2336696482152
137,2020-05-18,VN,Viet Nam,WPRO,2,320,0,0,4.57142857142857,0,,709.908023483362,14161,9.88062622309198,,6.66554665060098,34.8835232176434
138,2020-05-19,VN,Viet Nam,WPRO,4,324,0,0,5.14285714285714,0,,636.513838412074,13924,9.79759575062902,,9.49486449236712,42.0622349219532
139,2020-05-20,VN,Viet Nam,WPRO,0,324,0,0,5.14285714285714,0,,631.119653340785,13689,9.71456527816606,,9.05737332234014,50.3476072936055
140,2020-05-21,VN,Viet Nam,WPRO,0,324,0,0,5.14285714285714,0,,625.725468269496,13456,9.6315348057031,,8.63020032211674,58.8347438975099
141,2020-05-22,VN,Viet Nam,WPRO,0,324,0,0,5.14285714285714,0,,620.331283198208,13225,9.54850433324015,,8.21334549169694,67.0213395650234
142,2020-05-23,VN,Viet Nam,WPRO,0,324,0,0,1.57142857142857,0,,1022.07995526978,12996,9.46547386077719,,0.604291449372667,67.6230167192837
143,2020-05-24,VN,Viet Nam,WPRO,1,325,0,0,1,0,,1077.68577019849,12769,9.38244338831423,,2.01815321130691,69.5705127995912
144,2020-05-25,VN,Viet Nam,WPRO,0,325,0,0,0.714285714285714,0,,1100.14872798434,12544,9.29941291585127,,3.16184676062484,72.7296631909807
145,2020-05-26,VN,Viet Nam,WPRO,1,326,0,0,0.285714285714286,0,,1137.89740005591,12321,9.21638244338832,,5.19181948792653,77.9061677883808
146,2020-05-27,VN,Viet Nam,WPRO,1,327,0,0,0.428571428571429,0,,1111.93178641319,12100,9.13335197092536,,4.87317137400666,82.7410875807663
147,2020-05-28,VN,Viet Nam,WPRO,0,327,0,0,0.428571428571429,0,,1101.82331562762,11881,9.0503214984624,,5.19544939470056,87.8650305329473
148,2020-05-29,VN,Viet Nam,WPRO,0,327,0,0,0.428571428571429,0,,1091.71484484204,11664,8.96729102599944,,5.52804558519804,93.277996644924
149,2020-05-30,VN,Viet Nam,WPRO,0,327,0,0,0.428571428571429,0,,1081.60637405647,11449,8.88426055353649,,5.8709599454991,98.9799859166962
150,2020-05-31,VN,Viet Nam,WPRO,1,328,0,0,0.428571428571429,0,,1071.49790327089,11236,8.80123008107353,,6.22419247560374,104.970998348264
151,2020-06-01,VN,Viet Nam,WPRO,0,328,0,0,0.428571428571429,0,,1061.38943248532,11025,8.71819960861057,,6.58774317551198,110.852421877386
152,2020-06-02,VN,Viet Nam,WPRO,0,328,0,0,0.285714285714286,0,,1066.13810455689,10816,8.63516913614761,,7.73587355021717,117.756086202673
153,2020-06-03,VN,Viet Nam,WPRO,0,328,0,0,0.142857142857143,0,,1070.60106234274,10609,8.55213866368465,,8.97618228988033,126.024609582289
154,2020-06-04,VN,Viet Nam,WPRO,0,328,0,0,0.142857142857143,0,,1060.20687727145,10404,8.4691081912217,,9.41173136782308,134.602678056013
155,2020-06-05,VN,Viet Nam,WPRO,0,328,0,0,0.142857142857143,0,,1049.81269220016,10201,8.38607771875874,,9.85759861556941,143.490291623844
156,2020-06-06,VN,Viet Nam,WPRO,1,329,0,0,0.285714285714286,0,,1025.13279284316,10000,8.30304724629578,,9.41661846434777,151.790284717012
157,2020-06-07,VN,Viet Nam,WPRO,0,329,0,0,0.142857142857143,0,,1029.02432205759,9801,8.22001677383282,,10.7802876204728,160.880469118252
158,2020-06-08,VN,Viet Nam,WPRO,0,329,0,0,0.142857142857143,0,,1018.6301369863,9604,8.13698630136986,,11.2571093776299,170.629071496901
159,2020-06-09,VN,Viet Nam,WPRO,3,332,0,0,0.571428571428571,0,,966.664523343581,9409,8.05395582890691,,8.9905041690608,178.28234671743
160,2020-06-10,VN,Viet Nam,WPRO,0,332,0,0,0.571428571428571,0,,956.698909700864,9216,7.97092535644395,,9.42639646288939,186.821940060261
161,2020-06-11,VN,Viet Nam,WPRO,0,332,0,0,0.571428571428571,0,,946.733296058146,9025,7.88789488398099,,9.87260692652156,195.937863643253
162,2020-06-12,VN,Viet Nam,WPRO,0,332,0,0,0.571428571428571,0,,936.767682415429,8836,7.80486441151803,,10.3291355599573,205.630117466407
163,2020-06-13,VN,Viet Nam,WPRO,0,332,0,0,0.428571428571429,0,,940.087783058426,8649,7.72183393905508,,11.7551688190901,216.857887985617
164,2020-06-14,VN,Viet Nam,WPRO,2,334,0,0,0.714285714285714,0,,903.693597987137,8464,7.63880346659212,,10.3342552725648,224.044441846092
165,2020-06-15,VN,Viet Nam,WPRO,0,334,0,0,0.714285714285714,0,,893.870841487277,8281,7.55577299412916,,10.8012164810994,231.868565038746
166,2020-06-16,VN,Viet Nam,WPRO,0,334,0,0,0.285714285714286,0,,922.619513558845,8100,7.4727425216662,,14.3407526359251,240.602440751922
167,2020-06-17,VN,Viet Nam,WPRO,1,335,0,0,0.428571428571429,0,,899.653899916128,7921,7.38971204920324,,13.8078254673309,247.744719568652
168,2020-06-18,VN,Viet Nam,WPRO,0,335,0,0,0.428571428571429,0,,889.545429130554,7744,7.30668157674029,,14.3467850539,252.596640130185
169,2020-06-19,VN,Viet Nam,WPRO,7,342,0,0,1.42857142857143,0,,792.436958344979,7569,7.22365110427733,,8.17697923506178,251.716246042906
170,2020-06-20,VN,Viet Nam,WPRO,7,349,0,0,2.42857142857143,0,,697.328487559404,7396,7.14062063181437,,3.73018450566079,246.81623022645
171,2020-06-21,VN,Viet Nam,WPRO,0,349,0,0,2.14285714285714,0,,713.505731059545,7225,7.05759015935141,,5.23910721878618,243.84199195354
172,2020-06-22,VN,Viet Nam,WPRO,0,349,0,0,2.14285714285714,0,,705.111545988256,7056,6.97455968688846,,5.57307627282701,248.810776776994
173,2020-06-23,VN,Viet Nam,WPRO,0,349,0,0,2.14285714285714,0,,696.717360916967,6889,6.8915292144255,,5.91736349667144,252.709987062358
174,2020-06-24,VN,Viet Nam,WPRO,0,349,0,0,2,0,,700.037461559964,6724,6.80849874196254,,7.00791703180694,256.556057333541
175,2020-06-25,VN,Viet Nam,WPRO,3,352,0,0,2.42857142857143,0,,656.786133631532,6561,6.72546826949958,,5.24640128176405,256.610639127378
176,2020-06-26,VN,Viet Nam,WPRO,0,352,0,0,1.42857142857143,0,,728.677662845958,6400,6.64243779703662,,11.3052575028887,263.04272525626
177,2020-06-27,VN,Viet Nam,WPRO,1,353,0,0,0.571428571428571,0,,787.283477774669,6241,6.55940732457367,,18.4152454379235,276.262521299483
178,2020-06-28,VN,Viet Nam,WPRO,2,355,0,0,0.857142857142857,0,,755.032149846237,6084,6.47637685211071,,16.6252828266648,287.35975854095
179,2020-06-29,VN,Viet Nam,WPRO,0,355,0,0,0.857142857142857,0,,745.352250489234,5929,6.39334637964775,,17.2161764781377,298.704975073588
180,2020-06-30,VN,Viet Nam,WPRO,0,355,0,0,0.857142857142857,0,,735.672351132231,5776,6.31031590718479,,17.8173882994142,310.298170897399
181,2020-07-01,VN,Viet Nam,WPRO,0,355,0,0,0.857142857142857,0,,725.992451775228,5625,6.22728543472184,,18.4289182904942,322.139346012381
182,2020-07-02,VN,Viet Nam,WPRO,0,355,0,0,0.428571428571429,0,,748.026838132511,5476,6.14425496225888,,22.975627095244,337.379099557408
183,2020-07-03,VN,Viet Nam,WPRO,0,355,0,0,0.428571428571429,0,,737.918367346936,5329,6.06122448979592,,23.6693592288669,352.072276496395
184,2020-07-04,VN,Viet Nam,WPRO,0,355,0,0,0.285714285714286,0,,738.095610847076,5184,5.97819401733296,,25.8043729352671,368.464918063839
185,2020-07-05,VN,Viet Nam,WPRO,0,355,0,0,0,0,,748.129997204359,5041,5.89516354487,,29.564682996972,388.172002445241
186,2020-07-06,VN,Viet Nam,WPRO,0,355,0,0,0,0,,737.592954990213,4900,5.81213307240705,,30.3509354429413,409.106319423835
187,2020-07-07,VN,Viet Nam,WPRO,14,369,0,0,2,0,,589.055912776067,4761,5.72910259994409,,12.8235257474115,411.149557550773
188,2020-07-08,VN,Viet Nam,WPRO,0,369,0,0,2,0,,580.518870561921,4624,5.64607212748113,,13.3431074526216,413.235555625765
189,2020-07-09,VN,Viet Nam,WPRO,0,369,0,0,2,0,,571.981828347775,4489,5.56304165501817,,13.8730073276352,418.11805878434
190,2020-07-10,VN,Viet Nam,WPRO,0,369,0,0,2,0,,563.444786133629,4356,5.48001118255522,,14.4132253724524,423.104887693903
191,2020-07-11,VN,Viet Nam,WPRO,1,370,0,0,2.14285714285714,0,,545.622029633769,4225,5.39698071009226,,13.8789405622837,427.111221329665
192,2020-07-12,VN,Viet Nam,WPRO,0,370,0,0,2.14285714285714,0,,537.227844562481,4096,5.3139502376293,,14.4192730123962,431.201358782104
193,2020-07-13,VN,Viet Nam,WPRO,2,372,0,0,2.42857142857143,0,,510.833659491192,3969,5.23091976516634,,12.8406428250774,432.286832788091
194,2020-07-14,VN,Viet Nam,WPRO,0,372,0,0,0.428571428571429,0,,626.725188705617,3844,5.14788929270338,,31.9814119057549,453.933989421281
195,2020-07-15,VN,Viet Nam,WPRO,1,373,0,0,0.571428571428571,0,,607.902432205757,3721,5.06485882024043,,31.183073723147,474.315846663329
196,2020-07-16,VN,Viet Nam,WPRO,8,381,0,0,1.71428571428571,0,,529.365389991611,3600,4.98182834777747,,20.3685255795208,480.343619606924
197,2020-07-17,VN,Viet Nam,WPRO,0,381,0,0,1.71428571428571,0,,520.542633491751,3481,4.89879787531451,,21.0220146815869,487.55780882118
198,2020-07-18,VN,Viet Nam,WPRO,1,382,0,0,1.71428571428571,0,,511.719876991891,3364,4.81576740285155,,21.6858219534565,494.896845720737
199,2020-07-19,VN,Viet Nam,WPRO,0,382,0,0,1.71428571428571,0,,502.897120492031,3249,4.73273693038859,,22.3599473951297,509.079813880805
200,2020-07-20,VN,Viet Nam,WPRO,1,383,0,0,1.57142857142857,0,,502.074363992171,3136,4.64970645792564,,24.4363584197949,529.785987794939
201,2020-07-21,VN,Viet Nam,WPRO,1,384,0,0,1.71428571428571,0,,485.25160749231,3025,4.56667598546268,,23.7391527878869,548.28603336404
202,2020-07-22,VN,Viet Nam,WPRO,17,401,0,0,4,0,,353.000279563879,2916,4.48364551299972,,7.06707263813993,549.780029729353
203,2020-07-23,VN,Viet Nam,WPRO,7,408,0,0,3.85714285714286,0,,354.034665921161,2809,4.40061504053676,,8.25459180167154,552.117258034353
204,2020-07-24,VN,Viet Nam,WPRO,4,412,0,0,4.42857142857143,0,,317.640480849872,2704,4.31758456807381,,5.63340133308364,550.742742335629
205,2020-07-25,VN,Viet Nam,WPRO,3,415,0,0,4.71428571428571,0,,296.96058149287,2601,4.23455409561085,,4.66383425991208,550.160175313777
206,2020-07-26,VN,Viet Nam,WPRO,3,418,0,0,5.14285714285714,0,,269.709253564438,2500,4.15152362314789,,3.250255743094,542.105173553983
207,2020-07-27,VN,Viet Nam,WPRO,2,420,0,0,5.28571428571429,0,,257.315068493149,2401,4.06849315068493,,2.99918732960435,526.689115445663
208,2020-07-28,VN,Viet Nam,WPRO,11,431,0,0,6.71428571428571,0,,183.492311993289,2304,3.98546267822197,,0.140678656714952,510.204511275714
209,2020-07-29,VN,Viet Nam,WPRO,15,446,0,0,6.42857142857143,0,,193.098126922,2209,3.90243220575902,,0.536721208886442,493.525056006462
210,2020-07-30,VN,Viet Nam,WPRO,13,459,0,0,7.28571428571429,0,,149.561084707854,2116,3.81940173329606,,0.00277765846763,475.710445365516
211,2020-07-31,VN,Viet Nam,WPRO,50,509,0,0,13.8571428571429,0,,-149.404528934865,2025,3.7363712608331,,42.9327047066523,500.214231781674
212,2020-08-01,VN,Viet Nam,WPRO,49,558,2,2,20.4285714285714,0.285714285714286,,-435.227285434722,1936,-8.91808778305844,,170.352278906721,647.590883593151
213,2020-08-02,VN,Viet Nam,WPRO,32,590,1,3,24.5714285714286,0.428571428571429,,-603.478613363156,1849,-14.8582611126643,,293.194987643358,917.116512007641
214,2020-08-03,VN,Viet Nam,WPRO,31,621,3,6,28.7142857142857,0.857142857142857,,-763.444227005872,1764,-32.5127201565558,,449.184272971951,1340.49641204432
215,2020-08-04,VN,Viet Nam,WPRO,31,652,0,6,31.5714285714286,0.857142857142857,,-862.409840648591,1681,-31.7386077718759,,575.006057845347,1885.9377868927
216,2020-08-05,VN,Viet Nam,WPRO,20,672,2,8,32.2857142857143,1.14285714285714,,-869.946882862736,1600,-42.3930668157673,,606.230222214052,2461.81707366381
217,2020-08-06,VN,Viet Nam,WPRO,45,717,0,8,36.8571428571429,1.14285714285714,,-1026.48392507688,1521,-41.3332401453731,,848.052715771551,3297.04626368795
218,2020-08-07,VN,Viet Nam,WPRO,33,750,2,10,34.4285714285714,1.42857142857143,,-907.878110148169,1444,-51.1305563321219,,708.674791379547,3992.37794761487
219,2020-08-08,VN,Viet Nam,WPRO,39,789,0,10,33,1.14285714285714,,-831.129438076602,1369,-39.2135868045847,,631.041945849789,4609.54688613703
220,2020-08-09,VN,Viet Nam,WPRO,23,812,0,10,31.7142857142857,1,,-762.380766005033,1296,-33.0109029913335,,564.680512301134,5159.81417306571
221,2020-08-10,VN,Viet Nam,WPRO,29,841,3,13,31.4285714285714,1,,-731.203522504892,1225,-32.0939334637965,,547.815846524138,5693.75107902756
222,2020-08-11,VN,Viet Nam,WPRO,6,847,2,15,27.8571428571429,1.28571428571429,,-588.883421861898,1156,-40.8912496505453,,390.544976735671,6069.87678275084
223,2020-08-12,VN,Viet Nam,WPRO,19,866,2,17,27.7142857142857,1.28571428571429,,-566.849035504613,1089,-39.688565837294,,382.105808420813,6439.14194834657
224,2020-08-13,VN,Viet Nam,WPRO,17,883,1,18,23.7142857142857,1.42857142857143,,-421.671792004474,1024,-43.0573105954711,,239.497294918245,6646.65783135906
225,2020-08-14,VN,Viet Nam,WPRO,28,911,3,21,23,1.57142857142857,,-386.351691361477,961,-46.140341067934,,215.783985582444,6831.25874321836
226,2020-08-15,VN,Viet Nam,WPRO,19,930,1,22,20.1428571428571,1.71428571428571,,-288.174447861336,900,-48.9376572546826,,138.312136481881,6949.20235412072
227,2020-08-16,VN,Viet Nam,WPRO,21,951,1,23,19.8571428571429,1.85714285714286,,-270.282918646913,841,-51.4492591557172,,130.030164512675,7058.21050395181
228,2020-08-17,VN,Viet Nam,WPRO,13,964,1,24,17.5714285714286,1.57142857142857,,-196.962818003916,784,-41.6751467710371,,81.8217200772499,7118.3464020756
229,2020-08-18,VN,Viet Nam,WPRO,19,983,1,25,19.4285714285714,1.42857142857143,,-240.071288789488,729,-36.3296058149287,,117.30735519534,7213.29380987581
230,2020-08-19,VN,Viet Nam,WPRO,6,989,0,25,17.5714285714286,1.14285714285714,,-182.89404528935,676,-27.5554934302487,,79.2435099013764,7268.10096135739
231,2020-08-20,VN,Viet Nam,WPRO,4,993,0,25,15.7142857142857,1,,-129.431087503495,625,-22.9242381884261,,48.6215122529971,7292.9833208225
232,2020-08-21,VN,Viet Nam,WPRO,14,1007,0,25,13.7142857142857,0.571428571428571,,-76.2538440033552,576,-11.7215543751747,,24.0206438062713,7309.93689199064
233,2020-08-22,VN,Viet Nam,WPRO,2,1009,0,25,11.2857142857143,0.428571428571429,,-17.2194576460732,529,-7.94744199049484,,5.76330183468699,7307.44560202365
234,2020-08-23,VN,Viet Nam,WPRO,5,1014,1,26,9,0.428571428571429,,33.8149287112098,484,-7.60190103438637,,0.001861640125821,7301.81406233069
235,2020-08-24,VN,Viet Nam,WPRO,2,1016,1,27,7.42857142857143,0.428571428571429,,65.2778864970639,441,-7.2563600782779,,2.56034757547993,7299.71057564626
236,2020-08-25,VN,Viet Nam,WPRO,6,1022,0,27,5.57142857142857,0.285714285714286,,99.3122728543466,400,-4.05367626502656,,12.4543932302908,7308.91471313346
237,2020-08-26,VN,Viet Nam,WPRO,7,1029,0,27,5.71428571428571,0.285714285714286,,91.6323734973436,361,-3.85099245177524,,11.9580950582083,7317.87362086206
238,2020-08-27,VN,Viet Nam,WPRO,5,1034,2,29,5.85714285714286,0.571428571428571,,84.2381884260547,324,-8.79116578138104,,11.4718875138361,7329.20482971918
239,2020-08-28,VN,Viet Nam,WPRO,2,1036,1,30,4.14285714285714,0.714285714285714,,108.701146211909,289,-10.7313391109869,,26.7612737871981,7355.42938229749
240,2020-08-29,VN,Viet Nam,WPRO,2,1038,0,30,4.14285714285714,0.714285714285714,,102.30696114062,256,-10.1000838691641,,27.5095713075162,7382.93617594654
241,2020-08-30,VN,Viet Nam,WPRO,2,1040,2,32,3.71428571428571,0.857142857142857,,102.341347497903,225,-11.6116857701985,,33.0091034840954,7373.01257472399
242,2020-08-31,VN,Viet Nam,WPRO,0,1040,0,32,3.42857142857143,0.714285714285714,,99.5185909980426,196,-8.83757338551859,,37.2453396392048,7239.90563545647
243,2020-09-01,VN,Viet Nam,WPRO,4,1044,2,34,3.14285714285714,1,,96.1244059267539,169,-11.9206038579815,,41.7372470074879,6988.4478948206
244,2020-09-02,VN,Viet Nam,WPRO,0,1044,0,34,2.14285714285714,1,,100.730220855465,144,-11.0036343304445,,56.7349984075827,6595.99862025623
245,2020-09-03,VN,Viet Nam,WPRO,2,1046,0,34,1.71428571428571,0.714285714285714,,97.0503214984621,121,-6.94380766005032,,64.5236592697711,6085.51622168066
246,2020-09-04,VN,Viet Nam,WPRO,0,1046,1,35,1.42857142857143,0.714285714285714,,91.0847078557447,100,-6.31255241822756,,70.3955078018133,5549.68150726842
247,2020-09-05,VN,Viet Nam,WPRO,3,1049,0,35,1.57142857142857,0.714285714285714,,80.690522784456,81,-5.68129717640481,,69.2086346103048,4770.83742610717
248,2020-09-06,VN,Viet Nam,WPRO,0,1049,0,35,1.28571428571429,0.428571428571429,,74.0106234274529,64,-2.76432764886777,,75.2853618065749,4137.4479965342
249,2020-09-07,VN,Viet Nam,WPRO,0,1049,0,35,1.28571428571429,0.428571428571429,,64.7592954990213,49,-2.4187866927593,,76.5369615413629,3582.94301222577
250,2020-09-08,VN,Viet Nam,WPRO,0,1049,0,35,0.714285714285714,0.142857142857143,,58.9365389991611,36,-0.358960022365111,,88.2058298386361,3106.46832976328
251,2020-09-09,VN,Viet Nam,WPRO,5,1054,0,35,1.42857142857143,0.142857142857143,,45.5423539278724,25,-0.299133351970926,,76.550896804194,2635.20338004333
252,2020-09-10,VN,Viet Nam,WPRO,5,1059,0,35,1.85714285714286,0.142857142857143,,34.7195974280122,16,-0.239306681576741,,70.4356051218617,2315.09400842952
253,2020-09-11,VN,Viet Nam,WPRO,0,1059,0,35,1.85714285714286,0,,26.0396980710091,9,0.249091417388873,,71.6463897986165,2004.63458980733
254,2020-09-12,VN,Viet Nam,WPRO,1,1060,0,35,1.57142857142857,0,,17.9312272854347,4,0.166060944925916,,77.8269800507047,1842.96427493979
255,2020-09-13,VN,Viet Nam,WPRO,0,1060,0,35,1.57142857142857,0,,8.96561364271733,1,0.083030472462958,,79.0994449356904,1706.27973429303
256,2020-09-14,VN,Viet Nam,WPRO,3,1063,0,35,2,0,,0,0,0,,72.8810897661097,1640.84868757726
257,2020-09-15,VN,Viet Nam,WPRO,0,1063,0,35,2,0,,-8.5370422141459,1,-0.083030472462958,,74.112625187767,1584.93114825235
258,2020-09-16,VN,Viet Nam,WPRO,0,1063,0,35,1.28571428571429,0,,-18.5026558568632,4,-0.166060944925916,,88.2656767956163,1591.37510497072
259,2020-09-17,VN,Viet Nam,WPRO,0,1063,0,35,0.571428571428571,0,,-29.896840928152,9,-0.249091417388873,,103.654674079654,1577.72242385503
260,2020-09-18,VN,Viet Nam,WPRO,3,1066,0,35,1,0,,-38.1481688565836,16,-0.332121889851831,,96.5178390605849,1594.99675301424
261,2020-09-19,VN,Viet Nam,WPRO,2,1068,0,35,1.14285714285714,0,,-46.9709253564438,25,-0.415152362314789,,95.1272299893038,1641.50247075055
262,2020-09-20,VN,Viet Nam,WPRO,0,1068,0,35,1.14285714285714,0,,-56.3651104277326,36,-0.498182834777747,,96.5334878658504,1714.01531481013
263,2020-09-21,VN,Viet Nam,WPRO,0,1068,0,35,0.714285714285714,0,,-68.7592954990213,49,-0.581213307240705,,106.616856634671,1814.86886961011
264,2020-09-22,VN,Viet Nam,WPRO,0,1068,0,35,0.714285714285714,0,,-78.5820519988815,64,-0.664243779703662,,108.10531665376,1922.97232462375
265,2020-09-23,VN,Viet Nam,WPRO,0,1068,0,35,0.714285714285714,0,,-88.4048084987417,81,-0.74727425216662,,109.604094842653,2030.01607189092
266,2020-09-24,VN,Viet Nam,WPRO,1,1069,0,35,0.857142857142857,0,,-96.7989935700304,100,-0.830304724629578,,108.121878164393,2125.68355682502
267,2020-09-25,VN,Viet Nam,WPRO,0,1069,0,35,0.428571428571429,0,,-111.193178641319,121,-0.913335197092536,,118.778724651978,2232.50418641879
268,2020-09-26,VN,Viet Nam,WPRO,0,1069,0,35,0.142857142857143,0,,-124.730220855465,144,-0.996365669555494,,126.69992931578,2347.73222822074
269,2020-09-27,VN,Viet Nam,WPRO,0,1069,0,35,0.142857142857143,0,,-135.124405926754,169,-1.07939614201845,,128.322067921135,2449.29302235467
270,2020-09-28,VN,Viet Nam,WPRO,5,1074,0,35,0.857142857142857,0,,-135.518590998043,196,-1.16242661448141,,114.179357559967,2535.96280860713
271,2020-09-29,VN,Viet Nam,WPRO,3,1077,0,35,1.28571428571429,0,,-138.769918926474,225,-1.24545708694437,,106.682652667006,2609.63635779004
272,2020-09-30,VN,Viet Nam,WPRO,17,1094,0,35,3.71428571428571,0,,-109.164103997763,256,-1.32848755940732,,63.5525419914489,2635.94356014228
273,2020-10-01,VN,Viet Nam,WPRO,1,1095,0,35,3.71428571428571,0,,-115.986860497623,289,-1.41151803187028,,64.7029049182209,2658.90921805301
274,2020-10-02,VN,Viet Nam,WPRO,0,1095,0,35,3.71428571428571,0,,-122.809616997483,324,-1.49454850433324,,65.8635860147964,2668.03780566023
275,2020-10-03,VN,Viet Nam,WPRO,1,1096,0,35,3.85714285714286,0,,-126.918087783058,361,-1.5775789767962,,64.7157176925548,2668.22986408301
276,2020-10-04,VN,Viet Nam,WPRO,0,1096,0,35,3.85714285714286,0,,-133.597987140061,400,-1.66060944925916,,65.8765131944256,2663.71086947562
277,2020-10-05,VN,Viet Nam,WPRO,0,1096,0,35,3.14285714285714,0,,-155.277886497064,441,-1.74363992172211,,79.255347417628,2673.75758228295
278,2020-10-06,VN,Viet Nam,WPRO,1,1097,0,35,2.85714285714286,0,,-168.957785854067,484,-1.82667039418507,,85.7492353056145,2684.22145578198
279,2020-10-07,VN,Viet Nam,WPRO,1,1098,0,35,0.571428571428571,0,,-229.209113782499,529,-1.90970086664803,,134.969311826071,2742.65380606669
280,2020-10-08,VN,Viet Nam,WPRO,1,1099,0,35,0.571428571428571,0,,-239.174727425216,576,-1.99273133911099,,136.64338449633,2791.09136072439
281,2020-10-09,VN,Viet Nam,WPRO,1,1100,0,35,0.714285714285714,0,,-245.568912496505,625,-2.07576181157394,,134.987816958226,2849.52828087842
282,2020-10-10,VN,Viet Nam,WPRO,5,1105,0,35,1.28571428571429,0,,-240.534526139222,676,-2.1587922840369,,123.628246049177,2902.72092180573
283,2020-10-11,VN,Viet Nam,WPRO,2,1107,0,35,1.57142857142857,0,,-242.071568353368,729,-2.24182275649986,,118.917638655546,2949.99217066266
284,2020-10-12,VN,Viet Nam,WPRO,2,1109,0,35,1.85714285714286,0,,-243.037181996085,784,-2.32485322896282,,114.298527000592,2986.46371761255
285,2020-10-13,VN,Viet Nam,WPRO,1,1110,0,35,1.85714285714286,0,,-251.717081353088,841,-2.40788370142578,,115.839493111062,3023.20376578792
286,2020-10-14,VN,Viet Nam,WPRO,3,1113,0,35,2.14285714285714,0,,-251.825552138663,900,-2.49091417388873,,111.281151495967,3061.60382751778
287,2020-10-15,VN,Viet Nam,WPRO,9,1122,0,35,3.28571428571429,0,,-224.79116578138,961,-2.57394464635169,,89.8316840826774,3077.32288641269
288,2020-10-16,VN,Viet Nam,WPRO,2,1124,0,35,3.42857142857143,0,,-227.471065138383,1024,-2.65697511881465,,88.4902836451719,3077.54749326225
289,2020-10-17,VN,Viet Nam,WPRO,0,1124,0,35,2.71428571428571,0,,-258.150964495386,1089,-2.74000559127761,,103.898062665625,3077.79088184822
290,2020-10-18,VN,Viet Nam,WPRO,2,1126,0,35,2.71428571428571,0,,-265.973720995246,1156,-2.82303606374057,,105.367488019241,3086.64053080687
291,2020-10-19,VN,Viet Nam,WPRO,8,1134,0,35,3.57142857142857,0,,-243.796477495107,1225,-2.90606653620352,,89.8618795006699,3081.37518031824
292,2020-10-20,VN,Viet Nam,WPRO,6,1140,0,35,4.28571428571429,0,,-225.047805423538,1296,-2.98909700866648,,78.0941888610616,3062.93588131345
293,2020-10-21,VN,Viet Nam,WPRO,1,1141,0,35,4,0,,-241.870561923398,1369,-3.07212748112944,,84.5412706264737,3040.86029530525
294,2020-10-22,VN,Viet Nam,WPRO,4,1145,0,35,3.28571428571429,0,,-275.550461280401,1444,-3.1551579535924,,99.615274585882,3032.37025323738
295,2020-10-23,VN,Viet Nam,WPRO,3,1148,0,35,3.42857142857143,0,,-277.230360637404,1521,-3.23818842605535,,98.2024477968185,3020.96860619154
296,2020-10-24,VN,Viet Nam,WPRO,0,1148,0,35,3.42857142857143,0,,-284.338831422979,1600,-3.32121889851831,,99.6311724976966,3012.47790052484
297,2020-10-25,VN,Viet Nam,WPRO,12,1160,0,35,4.85714285714286,0,,-232.875873637125,1681,-3.40424937098127,,74.387122096823,2968.08629796969
298,2020-10-26,VN,Viet Nam,WPRO,8,1168,0,35,4.85714285714286,0,,-238.555772994128,1764,-3.48727984344423,,75.6312637941894,2917.0176324481
299,2020-10-27,VN,Viet Nam,WPRO,1,1169,0,35,4.14285714285714,0,,-274.949958065417,1849,-3.57031031590719,,89.9222855586234,2878.61785008559
300,2020-10-28,VN,Viet Nam,WPRO,3,1172,0,35,4.42857142857143,0,,-268.772714565277,1936,-3.65334078837014,,85.9115556600352,2850.35004818566
301,2020-10-29,VN,Viet Nam,WPRO,1,1173,0,35,4,0,,-294.166899636566,2025,-3.7363712608331,,95.4381843731613,2839.10557989181
302,2020-10-30,VN,Viet Nam,WPRO,4,1177,0,35,4.14285714285714,0,,-294.132513279283,2116,-3.81940173329606,,94.0554031936333,2869.608441094
303,2020-10-31,VN,Viet Nam,WPRO,0,1177,0,35,4.14285714285714,0,,-300.526698350572,2209,-3.90243220575902,,95.453745411577,2900.35928158735
304,2020-11-01,VN,Viet Nam,WPRO,3,1180,0,35,2.85714285714286,0,,-368.635169136146,2304,-3.98546267822197,,123.823132829862,2958.31882840242
305,2020-11-02,VN,Viet Nam,WPRO,0,1180,0,35,1.71428571428571,0,,-432.315068493149,2401,-4.06849315068493,,152.331585168609,3045.93469587847
306,2020-11-03,VN,Viet Nam,WPRO,12,1192,0,35,3.28571428571429,0,,-362.566396421581,2500,-4.15152362314789,,117.563415377556,3097.6215980616
307,2020-11-04,VN,Viet Nam,WPRO,11,1203,0,35,4.42857142857143,0,,-311.532010064298,2601,-4.23455409561085,,95.4848712939003,3113.85112193787
308,2020-11-05,VN,Viet Nam,WPRO,4,1207,0,35,4.85714285714286,0,,-295.354766564158,2704,-4.31758456807381,,88.6401801070508,3116.74206673931
309,2020-11-06,VN,Viet Nam,WPRO,3,1210,0,35,4.71428571428571,0,,-308.60609449259,2809,-4.40061504053676,,92.7287207417672,3074.50147565501
310,2020-11-07,VN,Viet Nam,WPRO,3,1213,0,35,5.14285714285714,0,,-291.285993849593,2916,-4.48364551299972,,85.9853883792136,3023.84347953789
311,2020-11-08,VN,Viet Nam,WPRO,0,1213,0,35,4.71428571428571,0,,-320.25160749231,3025,-4.56667598546268,,95.5160022502134,2984.37166482988
312,2020-11-09,VN,Viet Nam,WPRO,0,1213,0,35,4.71428571428571,0,,-326.074363992171,3136,-4.64970645792564,,96.9251202591419,2957.66853903984
313,2020-11-10,VN,Viet Nam,WPRO,3,1216,0,35,3.42857142857143,0,,-405.182834777745,3249,-4.73273693038859,,125.498172392573,2964.24907277687
314,2020-11-11,VN,Viet Nam,WPRO,10,1226,0,35,3.28571428571429,0,,-420.577019849033,3364,-4.81576740285155,,130.354296156291,2980.30484193257
315,2020-11-12,VN,Viet Nam,WPRO,26,1252,0,35,6.42857142857143,0,,-242.399776348894,3481,-4.89879787531451,,69.6598927511887,2934.12524157269
316,2020-11-13,VN,Viet Nam,WPRO,1,1253,0,35,6.14285714285714,0,,-263.651104277326,3600,-4.98182834777747,,75.7559825898333,2898.60007266656
317,2020-11-14,VN,Viet Nam,WPRO,3,1256,0,35,6.14285714285714,0,,-268.045289348614,3721,-5.06485882024043,,77.0114721046609,2885.77986068854
318,2020-11-15,VN,Viet Nam,WPRO,9,1265,0,35,7.42857142857143,0,,-192.725188705617,3844,-5.14788929270338,,57.1797686272928,2854.46934567067
319,2020-11-16,VN,Viet Nam,WPRO,16,1281,0,35,9.71428571428571,0,,-51.833659491192,3969,-5.23091976516634,,28.5994249198324,2779.17070792487
320,2020-11-17,VN,Viet Nam,WPRO,2,1283,0,35,9.57142857142857,0,,-61.7992731339092,4096,-5.3139502376293,,30.9417058311738,2704.74492573681
321,2020-11-18,VN,Viet Nam,WPRO,5,1288,0,35,8.85714285714286,0,,-109.193458205198,4225,-5.39698071009226,,40.3052223957506,2655.18826863189
322,2020-11-19,VN,Viet Nam,WPRO,12,1300,0,35,6.85714285714286,0,,-242.873357562201,4356,-5.48001118255522,,70.9042507398644,2647.99833051069
323,2020-11-20,VN,Viet Nam,WPRO,4,1304,0,35,7.28571428571429,0,,-217.838971204918,4489,-5.56304165501817,,65.023604825793,2628.48066471001
324,2020-11-21,VN,Viet Nam,WPRO,1,1305,0,35,7,0,,-240.518870561921,4624,-5.64607212748113,,70.9176634476178,2599.78305357174
325,2020-11-22,VN,Viet Nam,WPRO,1,1306,0,35,5.85714285714286,0,,-322.91305563321,4761,-5.72910259994409,,92.8514648221907,2594.43207059712
326,2020-11-23,VN,Viet Nam,WPRO,1,1307,0,35,3.71428571428571,0,,-477.592954990213,4900,-5.81213307240705,,140.437441026061,2635.23833912548
327,2020-11-24,VN,Viet Nam,WPRO,5,1312,0,35,4.14285714285714,0,,-453.987140061502,5041,-5.89516354487,,132.109409583302,2692.96062661196
328,2020-11-25,VN,Viet Nam,WPRO,4,1316,0,35,4,0,,-470.667039418505,5184,-5.97819401733296,,137.090603500425,2754.4199663182
329,2020-11-26,VN,Viet Nam,WPRO,5,1321,0,35,3,0,,-550.204081632651,5329,-6.06122448979592,,163.338532929239,2827.83621368881
330,2020-11-27,VN,Viet Nam,WPRO,10,1331,0,35,3.85714285714286,0,,-494.312552418225,5476,-6.14425496225888,,143.88195245377,2885.80661048255
331,2020-11-28,VN,Viet Nam,WPRO,8,1339,0,35,4.85714285714286,0,,-425.992451775228,5625,-6.22728543472184,,122.476433067092,2912.84485917648
332,2020-11-29,VN,Viet Nam,WPRO,2,1341,0,35,5,0,,-420.815208275088,5776,-6.31031590718479,,120.909305305627,2939.69876128847
333,2020-11-30,VN,Viet Nam,WPRO,2,1343,0,35,5.14285714285714,0,,-415.352250489235,5929,-6.39334637964775,,119.352268171872,2963.59728404876
334,2020-12-01,VN,Viet Nam,WPRO,4,1347,0,35,5,0,,-431.88929270338,6084,-6.47637685211071,,124.08913488779,2963.86328610669
335,2020-12-02,VN,Viet Nam,WPRO,4,1351,0,35,5,0,,-437.426334917526,6241,-6.55940732457367,,125.694526933577,2937.22622787166
336,2020-12-03,VN,Viet Nam,WPRO,7,1358,0,35,5.28571428571429,0,,-420.106234274529,6400,-6.64243779703662,,120.944336189958,2940.60714868406
337,2020-12-04,VN,Viet Nam,WPRO,3,1361,0,35,4.28571428571429,0,,-506.357562202961,6561,-6.72546826949958,,145.667913318431,2990.79019070859
338,2020-12-05,VN,Viet Nam,WPRO,0,1361,0,35,3.14285714285714,0,,-606.323175845678,6724,-6.80849874196254,,176.464130453466,3078.61414105501
339,2020-12-06,VN,Viet Nam,WPRO,4,1365,0,35,3.42857142857143,0,,-590.003075202681,6889,-6.8915292144255,,170.827323269645,3156.71274358289
340,2020-12-07,VN,Viet Nam,WPRO,1,1366,0,35,3.28571428571429,0,,-609.111545988255,7056,-6.97455968688846,,176.485289740366,3247.21264494404
341,2020-12-08,VN,Viet Nam,WPRO,1,1367,0,35,2.85714285714286,0,,-652.791445345259,7225,-7.05759015935141,,190.031044674291,3341.72768736812
342,2020-12-09,VN,Viet Nam,WPRO,10,1377,0,35,3.71428571428571,0,,-586.757058987976,7396,-7.14062063181437,,168.996326941138,3413.79889405011
343,2020-12-10,VN,Viet Nam,WPRO,4,1381,0,35,3.28571428571429,0,,-630.86552977355,7569,-7.22365110427733,,182.25693707883,3470.55765873637
344,2020-12-11,VN,Viet Nam,WPRO,4,1385,0,35,3.42857142857143,0,,-625.545429130553,7744,-7.30668157674029,,180.34412582886,3520.54748840894
345,2020-12-12,VN,Viet Nam,WPRO,6,1391,0,35,4.28571428571429,0,,-556.368185630413,7921,-7.38971204920324,,159.86847188699,3610.75606754474
346,2020-12-13,VN,Viet Nam,WPRO,4,1395,0,35,4.28571428571429,0,,-562.619513558845,8100,-7.4727425216662,,161.689973472176,3696.69005842708
347,2020-12-14,VN,Viet Nam,WPRO,2,1397,0,35,4.42857142857143,0,,-555.870841487277,8281,-7.55577299412916,,159.888611674211,3779.56719799663
348,2020-12-15,VN,Viet Nam,WPRO,5,1402,0,35,5,0,,-509.407883701423,8464,-7.63880346659212,,147.503576980936,3869.89100635027
349,2020-12-16,VN,Viet Nam,WPRO,3,1405,0,35,4,0,,-607.944925915569,8649,-7.72183393905508,,174.687287069302,4015.97886849974
350,2020-12-17,VN,Viet Nam,WPRO,0,1405,0,35,3.42857142857143,0,,-668.196253844,8836,-7.80486441151803,,192.104788503435,4177.14195117201
351,2020-12-18,VN,Viet Nam,WPRO,2,1407,0,35,3.14285714285714,0,,-702.447581772432,9025,-7.88789488398099,,202.143796021873,4338.98052479813
352,2020-12-19,VN,Viet Nam,WPRO,3,1410,0,35,2.71428571428571,0,,-750.984623986578,9216,-7.97092535644395,,216.623245569833,4484.6995196281
353,2020-12-20,VN,Viet Nam,WPRO,1,1411,0,35,2.28571428571429,0,,-800.378809057866,9409,-8.05395582890691,,231.603491832244,4651.27940663455
354,2020-12-21,VN,Viet Nam,WPRO,2,1413,0,35,2.28571428571429,0,,-808.630136986298,9604,-8.13698630136986,,233.794845856225,4814.15658904315
355,2020-12-22,VN,Viet Nam,WPRO,1,1414,0,35,1.71428571428571,0,,-873.452893486159,9801,-8.22001677383282,,253.879823710826,4975.18494793179
356,2020-12-23,VN,Viet Nam,WPRO,6,1420,0,35,2.14285714285714,0,,-839.418507128876,10000,-8.30304724629578,,242.638632273318,5077.38613917905
357,2020-12-24,VN,Viet Nam,WPRO,1,1421,0,35,2.28571428571429,0,,-833.384120771593,10201,-8.38607771875874,,240.43081694699,5185.70754654274
358,2020-12-25,VN,Viet Nam,WPRO,12,1433,0,35,3.71428571428571,0,,-695.921162985739,10404,-8.4691081912217,,200.196664325931,5248.81360736824
359,2020-12-26,VN,Viet Nam,WPRO,6,1439,0,35,4.14285714285714,0,,-658.601062342742,10609,-8.55213866368465,,190.228708622946,5275.70378306195
360,2020-12-27,VN,Viet Nam,WPRO,1,1440,0,35,4.14285714285714,0,,-664.995247414031,10816,-8.63516913614761,,192.215186519694,5324.03701712787
361,2020-12-28,VN,Viet Nam,WPRO,1,1441,0,35,4,0,,-686.38943248532,11025,-8.71819960861057,,198.214103872627,5399.77468793341
362,2020-12-29,VN,Viet Nam,WPRO,10,1451,0,35,5.28571428571429,0,,-556.640760413751,11236,-8.80123008107353,,165.507338812156,5444.37272143994
363,2020-12-30,VN,Viet Nam,WPRO,3,1454,0,35,4.85714285714286,0,,-607.749231199325,11449,-8.88426055353649,,178.632948351692,5503.65340161976
364,2020-12-31,VN,Viet Nam,WPRO,2,1456,0,35,5,0,,-598.000559127757,11664,-8.96729102599944,,176.739300125962,5556.30356685793
365,2021-01-01,VN,Viet Nam,WPRO,9,1465,0,35,4.57142857142857,0,,-650.251887056189,11881,-9.0503214984624,,190.294619438784,5620.90365936314
366,2021-01-02,VN,Viet Nam,WPRO,9,1474,0,35,5,0,,-609.074643556049,12100,-9.13335197092536,,180.579492575555,5680.53881574873
367,2021-01-03,VN,Viet Nam,WPRO,8,1482,0,35,6,0,,-503.611685770195,12321,-9.21638244338832,,156.49543866643,5691.36634109673
368,2021-01-04,VN,Viet Nam,WPRO,12,1494,0,35,7.57142857142857,0,,-332.148727984341,12544,-9.29941291585127,,121.224765928238,5636.1269765715
369,2021-01-05,VN,Viet Nam,WPRO,3,1497,0,35,6.57142857142857,0,,-448.114341627058,12769,-9.38244338831423,,145.975658255869,5611.27531155773
370,2021-01-06,VN,Viet Nam,WPRO,7,1504,0,35,7.14285714285714,0,,-386.937098126919,12996,-9.46547386077719,,134.152843655985,5568.94286547335
371,2021-01-07,VN,Viet Nam,WPRO,1,1505,0,35,7,0,,-406.759854626779,13225,-9.54850433324015,,139.17205857238,5518.08387937144
372,2021-01-08,VN,Viet Nam,WPRO,4,1509,0,35,6.28571428571429,0,,-493.154039698067,13456,-9.6315348057031,,158.337759251839,5507.42531168214
373,2021-01-09,VN,Viet Nam,WPRO,3,1512,0,35,5.42857142857143,0,,-597.691081912213,13689,-9.71456527816606,,182.579626840304,5507.74800144361
374,2021-01-10,VN,Viet Nam,WPRO,1,1513,0,35,4.42857142857143,0,,-720.799552697788,13924,-9.79759575062902,,212.693921018262,5540.09779663302
375,2021-01-11,VN,Viet Nam,WPRO,1,1514,0,35,2.85714285714286,0,,-913.908023483362,14161,-9.88062622309198,,263.324778403177,5643.5541031492
376,2021-01-12,VN,Viet Nam,WPRO,1,1515,0,35,2.57142857142857,0,,-955.87363712608,14400,-9.96365669555494,,275.05645523179,5756.92058490882
377,2021-01-13,VN,Viet Nam,WPRO,5,1520,0,35,2.28571428571429,0,,-998.410679340225,14641,-10.0466871680179,,287.043803273577,5884.07577650818
378,2021-01-14,VN,Viet Nam,WPRO,1,1521,0,35,2.28571428571429,0,,-1006.66200726866,14884,-10.1297176404809,,289.482793372844,6026.05499290009
379,2021-01-15,VN,Viet Nam,WPRO,10,1531,0,35,3.14285714285714,0,,-909.484763768518,15129,-10.2127481129438,,263.376474405697,6114.74418023649
380,2021-01-16,VN,Viet Nam,WPRO,5,1536,0,35,3.42857142857143,0,,-881.450377411234,15376,-10.2957785854068,,256.479913570249,6179.1193053033
381,2021-01-17,VN,Viet Nam,WPRO,1,1537,0,35,3.42857142857143,0,,-888.558848196809,15625,-10.3788090578697,,258.785682704431,6235.76119198586
382,2021-01-18,VN,Viet Nam,WPRO,0,1537,0,35,3.28571428571429,0,,-913.667318982383,15876,-10.4618395303327,,265.738933548001,6284.87687996403
383,2021-01-19,VN,Viet Nam,WPRO,2,1539,0,35,3.42857142857143,0,,-902.775789767958,16129,-10.5448700027956,,263.428175482207,6316.70156361399
384,2021-01-20,VN,Viet Nam,WPRO,1,1540,0,35,2.85714285714286,0,,-983.027117696389,16384,-10.6279004752586,,284.722626717816,6367.62934447558
385,2021-01-21,VN,Viet Nam,WPRO,4,1544,0,35,3.28571428571429,0,,-935.421302767678,16641,-10.7109309477216,,272.810670281717,6386.56019104647
386,2021-01-22,VN,Viet Nam,WPRO,2,1546,0,35,2.14285714285714,0,,-1091.24405926754,16900,-10.7939614201845,,314.411950168986,6458.33350894214
387,2021-01-23,VN,Viet Nam,WPRO,2,1548,0,35,1.71428571428571,0,,-1155.78110148169,17161,-10.8769918926475,,332.408135160146,6550.3108271553
388,2021-01-24,VN,Viet Nam,WPRO,0,1548,0,35,1.57142857142857,0,,-1183.46100083869,17424,-10.9600223651104,,340.282485758519,6690.39664858788
389,2021-01-25,VN,Viet Nam,WPRO,0,1548,0,35,1.57142857142857,0,,-1192.42661448141,17689,-11.0430528375734,,342.937585397185,6843.10552536212
390,2021-01-26,VN,Viet Nam,WPRO,1,1549,0,35,1.42857142857143,0,,-1220.53508526698,17956,-11.1260833100363,,350.934954464631,7001.82529330706
391,2021-01-27,VN,Viet Nam,WPRO,2,1551,0,35,1.57142857142857,0,,-1210.35784176684,18225,-11.2091137824993,,348.278739183927,7151.88992861836
392,2021-01-28,VN,Viet Nam,WPRO,2,1553,0,35,1.28571428571429,0,,-1258.1805982667,18496,-11.2921442549623,,361.751599913736,7348.13418971994
393,2021-01-29,VN,Viet Nam,WPRO,98,1651,0,35,15,0,,611.425216662012,18769,-11.3751747274252,,28.9154597892614,7198.41670115751
394,2021-01-30,VN,Viet Nam,WPRO,88,1739,0,35,27.2857142857143,0,,2311.31674587644,19044,-11.4582051998882,,46.7387960007925,7068.41619703234
395,2021-01-31,VN,Viet Nam,WPRO,42,1781,0,35,33.2857142857143,0,,3162.06541794801,19321,-11.5412356723511,,162.938868828175,7041.06044642173
396,2021-02-01,VN,Viet Nam,WPRO,38,1819,0,35,38.7142857142857,0,,3944.81409001957,19600,-11.6242661448141,,328.388605945413,7188.86955979159
397,2021-02-02,VN,Viet Nam,WPRO,32,1851,0,35,43.1428571428572,0,,4597.41990494829,19881,-11.7072966172771,,505.271289043367,7537.64541016852
398,2021-02-03,VN,Viet Nam,WPRO,40,1891,0,35,48.5714285714286,0,,5400.88286273414,20164,-11.79032708974,,774.786390188253,8191.20703442854
399,2021-02-04,VN,Viet Nam,WPRO,57,1948,0,35,56.4285714285714,0,,6562.48867766285,20449,-11.873357562203,,1268.80584983679,9314.03722600946
400,2021-02-05,VN,Viet Nam,WPRO,9,1957,0,35,43.7142857142857,0,,4777.52306402013,20736,-11.9563880346659,,521.400169337748,9701.28455169122
401,2021-02-06,VN,Viet Nam,WPRO,19,1976,0,35,33.8571428571429,0,,3381.41459323456,21025,-12.0394185071289,,166.544676914402,9728.65717003324
402,2021-02-07,VN,Viet Nam,WPRO,9,1985,0,35,29.1428571428571,0,,2716.44897959183,21316,-12.1224489795918,,65.9198902826367,9636.23930106404
403,2021-02-08,VN,Viet Nam,WPRO,20,2005,0,35,26.5714285714286,0,,2357.05479452056,21609,-12.2054794520548,,29.9849458587668,9483.6446200825
404,2021-02-09,VN,Viet Nam,WPRO,48,2053,0,35,28.8571428571429,0,,2711.37489516356,21904,-12.2885099245178,,59.1320808042873,9330.08277986852
405,2021-02-10,VN,Viet Nam,WPRO,17,2070,0,35,25.5714285714286,0,,2240.12356723512,22201,-12.3715403969807,,18.7679361635806,9085.52593762893
406,2021-02-11,VN,Viet Nam,WPRO,39,2109,0,35,23,0,,1869.44366787811,22500,-12.4545708694437,,2.85252599853469,8813.32200839567
407,2021-02-12,VN,Viet Nam,WPRO,31,2140,0,35,26.1428571428571,0,,2356.47805423539,22801,-12.5376013419066,,22.6573395800042,8548.9355447021
408,2021-02-13,VN,Viet Nam,WPRO,2,2142,0,35,23.7142857142857,0,,2002.94101202125,23104,-12.6206318143696,,5.10567667799607,8264.55842800725
409,2021-02-14,VN,Viet Nam,WPRO,53,2195,0,35,30,0,,2977.83254123568,23409,-12.7036622868325,,71.7995576187414,8072.9815112203
410,2021-02-15,VN,Viet Nam,WPRO,34,2229,0,35,32,0,,3305.29549902153,23716,-12.7866927592955,,108.194014662209,7924.69561231226
411,2021-02-16,VN,Viet Nam,WPRO,42,2271,0,35,31.1428571428571,0,,3193.90131395024,24025,-12.8697232317585,,89.7313928971186,7755.64132250494
412,2021-02-17,VN,Viet Nam,WPRO,40,2311,0,35,34.4285714285714,0,,3727.07855745038,24336,-12.9527537042214,,160.948629055112,7650.85101801205
413,2021-02-18,VN,Viet Nam,WPRO,18,2329,0,35,31.4285714285714,0,,3279.9700866648,24649,-13.0357841766844,,92.4429620170625,7479.86580454691
414,2021-02-19,VN,Viet Nam,WPRO,18,2347,0,35,29.5714285714286,0,,3007.43304445067,24964,-13.1188146491473,,59.0708557873607,7254.21403361645
415,2021-02-20,VN,Viet Nam,WPRO,15,2362,0,35,31.4285714285714,0,,3321.75314509365,25281,-13.2018451216103,,89.7012194120089,7071.10458274674
416,2021-02-21,VN,Viet Nam,WPRO,6,2368,0,35,24.7142857142857,0,,2268.35896002237,25600,-13.2848755940732,,7.20901173462653,6763.90164431238
417,2021-02-22,VN,Viet Nam,WPRO,15,2383,0,35,22,0,,1845.53620352251,25921,-13.3679060665362,,0.010231767340942,6431.50374091958
418,2021-02-23,VN,Viet Nam,WPRO,12,2395,0,35,17.7142857142857,0,,1162.71344702265,26244,-13.4509365389992,,19.8799455394998,6111.10120070056
419,2021-02-24,VN,Viet Nam,WPRO,8,2403,0,35,13.1428571428571,0,,424.747833379925,26569,-13.5339670114621,,82.8454682482196,5851.00908355159
420,2021-02-25,VN,Viet Nam,WPRO,9,2412,0,35,11.8571428571429,0,,216.496505451508,26896,-13.6169974839251,,109.400923780821,5609.47505286779
421,2021-02-26,VN,Viet Nam,WPRO,9,2421,0,35,10.5714285714286,0,,5.67374895164534,27225,-13.700027956388,,139.642214749822,5400.83852843368
422,2021-02-27,VN,Viet Nam,WPRO,5,2426,0,35,9.14285714285714,0,,-231.434721833934,27556,-13.783058428851,,177.353912679525,5216.44084119947
423,2021-02-28,VN,Viet Nam,WPRO,6,2432,0,35,9.14285714285714,0,,-232.828906905223,27889,-13.866088901314,,179.272167572983,5366.79754898319
424,2021-03-01,VN,Viet Nam,WPRO,16,2448,0,35,9.28571428571429,0,,-210.223091976511,28224,-13.9491193737769,,177.375125243316,5497.43387822572
425,2021-03-02,VN,Viet Nam,WPRO,24,2472,0,35,11,0,,78.2398658093428,28561,-14.0321498462399,,136.323520084575,5470.81852948212
426,2021-03-03,VN,Viet Nam,WPRO,3,2475,0,35,10.2857142857143,0,,-42.725747833372,28900,-14.1151803187028,,155.298424322618,5297.72834785932
427,2021-03-04,VN,Viet Nam,WPRO,7,2482,0,35,10,0,,-91.834218618949,29241,-14.1982107911658,,164.337526567625,4956.79458538358
428,2021-03-05,VN,Viet Nam,WPRO,6,2488,0,35,9.57142857142857,0,,-166.085546547381,29584,-14.2812412636287,,177.41755417639,4359.42574937171
429,2021-03-06,VN,Viet Nam,WPRO,13,2501,0,35,10.7142857142857,0,,30.6631255241852,29929,-14.3642717360917,,150.032800749424,3240.65270028435
430,2021-03-07,VN,Viet Nam,WPRO,8,2509,0,35,11,0,,80.5546547386133,30276,-14.4473022085547,,144.838823066681,2864.09135401329
431,2021-03-08,VN,Viet Nam,WPRO,3,2512,0,35,9.14285714285714,0,,-243.982387475533,30625,-14.5303326810176,,194.989660833573,2892.53633793246
432,2021-03-09,VN,Viet Nam,WPRO,12,2524,0,35,7.42857142857143,0,,-547.090858261107,30976,-14.6133631534806,,248.06194313373,3074.67839078355
433,2021-03-10,VN,Viet Nam,WPRO,2,2526,0,35,7.28571428571429,0,,-575.485043332395,31329,-14.6963936259435,,254.8705679836,3299.56401290838
434,2021-03-11,VN,Viet Nam,WPRO,3,2529,0,35,6.71428571428571,0,,-680.450656975114,31684,-14.7794240984065,,275.823059080038,3516.25499118414
435,2021-03-12,VN,Viet Nam,WPRO,6,2535,0,35,6.71428571428571,0,,-684.273413474974,32041,-14.8624545708694,,278.21400489444,3775.70105991499
436,2021-03-13,VN,Viet Nam,WPRO,15,2550,0,35,7,0,,-636.667598546262,32400,-14.9454850433324,,271.124572893795,4043.97310681026
437,2021-03-14,VN,Viet Nam,WPRO,3,2553,0,35,6.28571428571429,0,,-769.490355046122,32761,-15.0285155157954,,297.630583261849,4318.9463504921
438,2021-03-15,VN,Viet Nam,WPRO,1,2554,0,35,6,0,,-825.741682974554,33124,-15.1115459882583,,310.094996376004,4623.93567019011
439,2021-03-16,VN,Viet Nam,WPRO,5,2559,0,35,5,0,,-1013.2787251887,33489,-15.1945764607213,,348.992506822998,4901.12861939436
440,2021-03-17,VN,Viet Nam,WPRO,1,2560,0,35,4.85714285714286,0,,-1045.10148168856,33856,-15.2776069331842,,357.059762835997,5149.99436756815
441,2021-03-18,VN,Viet Nam,WPRO,7,2567,0,35,5.42857142857143,0,,-945.067095331277,34225,-15.3606374056472,,338.428388485866,5398.6913631569
442,2021-03-19,VN,Viet Nam,WPRO,3,2570,0,35,5,0,,-1029.88985183114,34596,-15.4436678781102,,357.089860957898,5594.83259505969
443,2021-03-20,VN,Viet Nam,WPRO,1,2571,0,35,3,0,,-1409.42689404528,34969,-15.5266983505731,,439.684208227571,5942.07384127019
444,2021-03-21,VN,Viet Nam,WPRO,1,2572,0,35,2.71428571428571,0,,-1470.67822197372,35344,-15.6097288230361,,454.806349081872,6337.80933456471
445,2021-03-22,VN,Viet Nam,WPRO,0,2572,0,35,2.57142857142857,0,,-1505.50097847358,35721,-15.692759295499,,464.009217788929,6712.11733294163
446,2021-03-23,VN,Viet Nam,WPRO,3,2575,0,35,2.28571428571429,0,,-1567.75230640201,36100,-15.775789767962,,479.540546482203,7184.4488676892
447,2021-03-24,VN,Viet Nam,WPRO,1,2576,0,35,2.28571428571429,0,,-1576.00363433044,36481,-15.8588202404249,,482.691490297917,7667.13012621978
448,2021-03-25,VN,Viet Nam,WPRO,0,2576,0,35,1.28571428571429,0,,-1776.25496225887,36864,-15.9418507128879,,530.936887855472,8178.18706853575
449,2021-03-26,VN,Viet Nam,WPRO,5,2581,0,35,1.57142857142857,0,,-1730.36343304444,37249,-16.0248811853509,,521.12581445769,8616.46741474522
450,2021-03-27,VN,Viet Nam,WPRO,5,2586,0,35,2.14285714285714,0,,-1628.47190383002,37636,-16.1079116578138,,498.565416448919,9005.63190741332
451,2021-03-28,VN,Viet Nam,WPRO,4,2590,0,35,2.57142857142857,0,,-1553.29466032988,38025,-16.1909421302768,,482.761480999704,9348.7511736632
452,2021-03-29,VN,Viet Nam,WPRO,1,2591,0,35,2.71428571428571,0,,-1533.2602739726,38416,-16.2739726027397,,479.645191221743,9651.04245220542
453,2021-03-30,VN,Viet Nam,WPRO,3,2594,0,35,2.71428571428571,0,,-1541.08303047246,38809,-16.3570030752027,,482.796478253343,9954.56676288578
454,2021-03-31,VN,Viet Nam,WPRO,0,2594,0,35,2.57142857142857,0,,-1577.19150125803,39204,-16.4400335476656,,492.27690789744,10269.4685455399
455,2021-04-01,VN,Viet Nam,WPRO,9,2603,0,35,3.85714285714286,0,,-1329.29997204361,39601,-16.5230640201286,,439.884623565017,10573.0296490204
456,2021-04-02,VN,Viet Nam,WPRO,14,2617,0,35,5.14285714285714,0,,-1078.83701425775,40000,-16.6060944925916,,390.439385033764,10808.1706097315
457,2021-04-03,VN,Viet Nam,WPRO,3,2620,0,35,4.85714285714286,0,,-1141.65977075761,40401,-16.6891249650545,,404.696913577023,11048.5299967409
458,2021-04-04,VN,Viet Nam,WPRO,9,2629,0,35,5.57142857142857,0,,-1003.0539558289,40804,-16.7721554375175,,379.260870931016,11250.3733134955
459,2021-04-05,VN,Viet Nam,WPRO,2,2631,0,35,5.71428571428571,0,,-979.019569471619,41209,-16.8551859099804,,376.499337038091,11476.8398497842
460,2021-04-06,VN,Viet Nam,WPRO,6,2637,0,35,6.14285714285714,0,,-896.413754542907,41616,-16.9382163824434,,362.782349022686,11694.7833757402
461,2021-04-07,VN,Viet Nam,WPRO,11,2648,0,35,7.71428571428571,0,,-578.665082471339,42025,-17.0212468549064,,307.905784932694,11807.6994998393
462,2021-04-08,VN,Viet Nam,WPRO,11,2659,0,35,8,0,,-522.630696114056,42436,-17.1042773273693,,300.445259793968,11860.0828164996
463,2021-04-09,VN,Viet Nam,WPRO,10,2669,0,35,7.42857142857143,0,,-643.453452613915,42849,-17.1873077998323,,323.158585992717,11928.3708345087
464,2021-04-10,VN,Viet Nam,WPRO,14,2683,0,35,9,0,,-319.704780542347,43264,-17.2703382722952,,271.491871497567,11924.0396469262
465,2021-04-11,VN,Viet Nam,WPRO,9,2692,0,35,9,0,,-321.241822756493,43681,-17.3533687447582,,273.864011457088,11919.6896534888
466,2021-04-12,VN,Viet Nam,WPRO,4,2696,0,35,9.28571428571429,0,,-262.778864970638,44100,-17.4363992172211,,266.830579991826,11915.3956605869
467,2021-04-13,VN,Viet Nam,WPRO,11,2707,0,35,10,0,,-113.315907184785,44521,-17.5194296896841,,246.254264478592,11864.0193418036
468,2021-04-14,VN,Viet Nam,WPRO,10,2717,0,35,9.85714285714286,0,,-144.138663684645,44944,-17.6024601621471,,253.038204277338,11806.962549705
469,2021-04-15,VN,Viet Nam,WPRO,20,2737,0,35,11.1428571428571,0,,129.038579815485,45369,-17.68549063461,,215.892685826514,11673.8627287085
470,2021-04-16,VN,Viet Nam,WPRO,21,2758,0,35,12.7142857142857,0,,465.930109029917,45796,-17.768521107073,,174.073331781247,11490.8762976537
471,2021-04-17,VN,Viet Nam,WPRO,15,2773,0,35,12.8571428571429,0,,498.821638244355,46225,-17.8515515795359,,172.204072325156,11324.651981493
472,2021-04-18,VN,Viet Nam,WPRO,8,2781,0,35,12.7142857142857,0,,470.284596030197,46656,-17.9345820519989,,177.884607323516,11145.4467278586
473,2021-04-19,VN,Viet Nam,WPRO,4,2785,0,35,12.7142857142857,0,,472.461839530336,47089,-18.0176125244618,,179.805722349355,10885.5682419804
474,2021-04-20,VN,Viet Nam,WPRO,6,2791,0,35,12,0,,318.924797316194,47524,-18.1006429969248,,201.505920169243,10632.2678130678
475,2021-04-21,VN,Viet Nam,WPRO,10,2801,0,35,12,0,,320.387755102048,47961,-18.1836734693878,,203.550281206249,10371.8088764851
476,2021-04-22,VN,Viet Nam,WPRO,11,2812,0,35,10.7142857142857,0,,38.9935700307557,48400,-18.2667039418507,,244.129560125743,10136.3978901286
477,2021-04-23,VN,Viet Nam,WPRO,12,2824,0,35,9.42857142857143,0,,-244.972043611958,48841,-18.3497344143137,,288.394674481633,9942.10107431236
478,2021-04-24,VN,Viet Nam,WPRO,8,2832,0,35,8.42857142857143,0,,-468.080514397532,49284,-18.4327648867766,,325.947412337483,9737.11159879436
479,2021-04-25,VN,Viet Nam,WPRO,1,2833,0,35,7.42857142857143,0,,-693.188985183107,49729,-18.5157953592396,,365.797775443502,9581.78355978018
480,2021-04-26,VN,Viet Nam,WPRO,13,2846,0,35,8.71428571428571,0,,-408.297455968683,50176,-18.5988258317025,,320.838060287759,9404.05620361902
481,2021-04-27,VN,Viet Nam,WPRO,6,2852,0,35,8.71428571428571,0,,-410.120212468543,50625,-18.6818563041655,,323.41633483276,9244.71105745207
482,2021-04-28,VN,Viet Nam,WPRO,5,2857,0,35,8,0,,-573.371540396974,51076,-18.7648867766285,,352.308855258571,9117.3747214889
483,2021-04-29,VN,Viet Nam,WPRO,8,2865,0,35,7.57142857142857,0,,-673.194296896834,51529,-18.8479172490914,,371.344094162645,9005.92233739821
484,2021-04-30,VN,Viet Nam,WPRO,49,2914,0,35,12.8571428571429,0,,528.982946603316,51984,-18.9309477215544,,197.582463552251,8711.22789305302
485,2021-05-01,VN,Viet Nam,WPRO,14,2928,0,35,13.7142857142857,0,,727.588761532014,52441,-19.0139781940173,,176.121746202439,8447.46501569044
486,2021-05-02,VN,Viet Nam,WPRO,14,2942,0,35,15.5714285714286,0,,1157.90886217502,52900,-19.0970086664803,,131.922930038217,8188.94856069489
487,2021-05-03,VN,Viet Nam,WPRO,20,2962,0,35,16.5714285714286,0,,1393.9432485323,53361,-19.1800391389433,,111.462865687316,7895.71451280518
488,2021-05-04,VN,Viet Nam,WPRO,23,2985,0,35,19,0,,1963.40620631815,53824,-19.2630696114062,,67.253987883903,7583.70762975807
489,2021-05-05,VN,Viet Nam,WPRO,11,2996,0,35,19.8571428571429,0,,2171.5834498183,54289,-19.3461000838692,,54.9901858593046,7262.19847857928
490,2021-05-06,VN,Viet Nam,WPRO,34,3030,0,35,23.5714285714286,0,,3050.04640760415,54756,-19.4291305563321,,14.2361164180257,6913.65224597462
491,2021-05-07,VN,Viet Nam,WPRO,61,3091,0,35,25.2857142857143,0,,3465.93793681857,55225,-19.5121610287951,,4.53953689685497,6610.28599793879
492,2021-05-08,VN,Viet Nam,WPRO,61,3152,0,35,32,0,,5065.25803746157,55696,-19.595191501258,,20.3567005847794,6330.1974387296
493,2021-05-09,VN,Viet Nam,WPRO,93,3245,0,35,43.2857142857143,0,,7761.43528096171,56169,-19.678221973721,,247.298507286927,6254.33736002381
494,2021-05-10,VN,Viet Nam,WPRO,167,3412,0,35,64.2857142857143,0,,12792.1839530333,56644,-19.761252446184,,1343.50844310615,7326.35393163239
495,2021-05-11,VN,Viet Nam,WPRO,77,3489,0,35,72,0,,14689.6469108191,57121,-19.8442829186469,,1962.16748568058,9014.65740585588
496,2021-05-12,VN,Viet Nam,WPRO,82,3571,0,35,82.1428571428571,0,,17185.3955828907,57600,-19.9273133911099,,2955.8131070171,11703.6399328812
497,2021-05-13,VN,Viet Nam,WPRO,87,3658,0,35,89.7142857142857,0,,19081.7156835337,58081,-20.0103438635728,,3827.52468775253,15284.9103561551
498,2021-05-14,VN,Viet Nam,WPRO,82,3740,0,35,92.7142857142857,0,,19886.8929270338,58564,-20.0933743360358,,4198.41342525719,19230.2855771349
499,2021-05-15,VN,Viet Nam,WPRO,96,3836,0,35,97.7142857142857,0,,21184.070170534,59049,-20.1764048084987,,4861.34391316208,23875.7368044705
500,2021-05-16,VN,Viet Nam,WPRO,276,4112,1,36,123.857142857143,0.142857142857143,,27650.1045568913,59536,14.5977075761812,,9176.56108241907,32878.2245551083
501,2021-05-17,VN,Viet Nam,WPRO,100,4212,1,37,114.285714285714,0.285714285714286,,25418.4246575342,60025,49.6575342465754,,7422.01433990915,40128.0348226923
502,2021-05-18,VN,Viet Nam,WPRO,166,4378,0,37,127,0.285714285714286,,28649.8876153201,60516,49.8602180598267,,9760.16993635498,49710.3201517238
503,2021-05-19,VN,Viet Nam,WPRO,165,4543,0,37,138.857142857143,0.285714285714286,,31695.0648588203,61009,50.0629018730781,,12227.6905664967,61758.2049958711
504,2021-05-20,VN,Viet Nam,WPRO,177,4720,1,38,151.714285714286,0.428571428571429,,35011.9563880347,61504,85.6941571149009,,15218.7269562167,76775.4260319186
505,2021-05-21,VN,Viet Nam,WPRO,113,4833,1,39,156.142857142857,0.571428571428571,,36255.8479172491,62001,121.611126642438,,16312.6408583936,92884.516609106
506,2021-05-22,VN,Viet Nam,WPRO,128,4961,2,41,160.714285714286,0.857142857142857,,37544.310875035,62500,193.528096169975,,17482.2741007251,110122.661149705
507,2021-05-23,VN,Viet Nam,WPRO,158,5119,0,41,143.857142857143,0.714285714285714,,33463.3452613923,63001,158.445065697512,,13292.148730185,123126.415205409
508,2021-05-24,VN,Viet Nam,WPRO,156,5275,2,43,151.857142857143,0.857142857142857,,35612.6653620353,63504,195.076320939335,,15183.1079187343,137983.575711806
509,2021-05-25,VN,Viet Nam,WPRO,186,5461,1,44,154.714285714286,1,,36476.8426055354,64009,231.993290466872,,15877.277833787,153495.055770149
510,2021-05-26,VN,Viet Nam,WPRO,470,5931,0,44,198.285714285714,1,,47688.1627061783,64516,232.910259994409,,28731.8339885864,181906.051698448
511,2021-05-27,VN,Viet Nam,WPRO,180,6111,1,45,198.714285714286,1,,47985.1970925357,65025,233.827229521946,,28852.9010283188,210435.536391934
256,,,,,,,,,10.5370422141459,0.083030472462958,,798667.714285714,11119360,917.857142857143,,,30.0121152033716
,,,,,,,,,,,,,,,,Pozycja min:,136
,,,,,,,,,,Współczynniki prostej,-7.85061092930323,0.071826770091598,Współczynniki prostej,0.061898732095578,8.25458608100775E-05,Najlepszy przedział,2020-04-17
,,,,,,,,,,zachorowań:,B,A,zgonów:,B,A,(prosta zachorowań):,2020-05-16
